Workbook

Sheet Resumen RTP
A1: COMPONENTE | B1: RTP %
A2: RTP Juego Base | B2: ='Base Game'!X10 -> 0
A3: RTP Free Spins | B3: =(B11*B12*B13)/B14 -> 0
A4: RTP Jackpot | B4: 0.06
A5: RTP TOTAL TEÓRICO | B5: =(B2/B14) + B3 + B4 -> 0
A6: CÁLCULO FREE SPINS
A7: EV Escenario 1 (Peso 32.53%) | B7: ='FS_Wild5_x1'!X10 -> 0
A8: EV Escenario 2 (Peso 27.47%) | B8: ='FS_Wild6_x2'!X10 -> 0
A9: EV Escenario 3 (Peso 30.00%) | B9: ='FS_Wild7_x2'!X10 -> 0
A10: EV Escenario 4 (Peso 10.00%) | B10: ='FS_Wild8_x3'!X10 -> 0
A11: EV Promedio por Giro FS | B11: =B7*0.32530000000000003+B8*0.2747+B9*0.3+B10*0.1 -> 0
A12: Probabilidad Entrada | B12: 0.00605
A13: Giros Promedio | B13: 10.24
A14: Apuesta Total | B14: 25

Sheet Base Game
A1: Symbol | B1: Pay 5 | C1: Pay 4 | D1: Pay 3 | E1: R1 Sym | F1: R2 Sym | G1: R3 Sym | H1: R4 Sym | I1: R5 Sym | J1: R1 Wild | K1: R2 Wild | L1: R3 Wild | M1: R4 Wild | N1: R5 Wild | O1: Prob 5 Hit | P1: Prob 5 Pure | Q1: EV 5 | R1: Prob 4 Hit | S1: Prob 4 Pure | T1: EV 4 | U1: Prob 3 Hit | V1: Prob 3 Pure | W1: EV 3 | X1: TOTAL EV %
A2: L1 | B2: 70 | C2: 25 | D2: 10 | E2: 18 | F2: 18 | G2: 17 | H2: 18 | I2: 16 | J2: 0 | K2: 0 | L2: 0 | M2: 0 | N2: 0 | O2: =((E2+J2)/99)*((F2+K2)/98)*((G2+L2)/99)*((H2+M2)/98)*((I2+N2)/99) -> 0 | P2: =(E2/99)*(F2/98)*(G2/99)*(H2/98)*(I2/99) -> 0 | Q2: =(P2*B2) + ((O2-P2)*B2*1) -> 0 | R2: =((E2+J2)/99)*((F2+K2)/98)*((G2+L2)/99)*((H2+M2)/98)*(1-((I2+N2)/99)) -> 0 | S2: =(E2/99)*(F2/98)*(G2/99)*(H2/98)*(1-(I2/99)) -> 0 | T2: =(S2*C2) + ((R2-S2)*C2*1) -> 0 | U2: =((E2+J2)/99)*((F2+K2)/98)*((G2+L2)/99)*(1-((H2+M2)/98)) -> 0 | V2: =(E2/99)*(F2/98)*(G2/99)*(1-(H2/98)) -> 0 | W2: =(V2*D2) + ((U2-V2)*D2*1) -> 0 | X2: =Q2+T2+W2 -> 0
A3: L2 | B3: 70 | C3: 25 | D3: 10 | E3: 19 | F3: 19 | G3: 19 | H3: 17 | I3: 13 | J3: 0 | K3: 0 | L3: 0 | M3: 0 | N3: 0 | O3: =((E3+J3)/99)*((F3+K3)/98)*((G3+L3)/99)*((H3+M3)/98)*((I3+N3)/99) -> 0 | P3: =(E3/99)*(F3/98)*(G3/99)*(H3/98)*(I3/99) -> 0 | Q3: =(P3*B3) + ((O3-P3)*B3*1) -> 0 | R3: =((E3+J3)/99)*((F3+K3)/98)*((G3+L3)/99)*((H3+M3)/98)*(1-((I3+N3)/99)) -> 0 | S3: =(E3/99)*(F3/98)*(G3/99)*(H3/98)*(1-(I3/99)) -> 0 | T3: =(S3*C3) + ((R3-S3)*C3*1) -> 0 | U3: =((E3+J3)/99)*((F3+K3)/98)*((G3+L3)/99)*(1-((H3+M3)/98)) -> 0 | V3: =(E3/99)*(F3/98)*(G3/99)*(1-(H3/98)) -> 0 | W3: =(V3*D3) + ((U3-V3)*D3*1) -> 0 | X3: =Q3+T3+W3 -> 0
A4: L3 | B4: 110 | C4: 40 | D4: 15 | E4: 19 | F4: 18 | G4: 18 | H4: 17 | I4: 14 | J4: 0 | K4: 0 | L4: 0 | M4: 0 | N4: 0 | O4: =((E4+J4)/99)*((F4+K4)/98)*((G4+L4)/99)*((H4+M4)/98)*((I4+N4)/99) -> 0 | P4: =(E4/99)*(F4/98)*(G4/99)*(H4/98)*(I4/99) -> 0 | Q4: =(P4*B4) + ((O4-P4)*B4*1) -> 0 | R4: =((E4+J4)/99)*((F4+K4)/98)*((G4+L4)/99)*((H4+M4)/98)*(1-((I4+N4)/99)) -> 0 | S4: =(E4/99)*(F4/98)*(G4/99)*(H4/98)*(1-(I4/99)) -> 0 | T4: =(S4*C4) + ((R4-S4)*C4*1) -> 0 | U4: =((E4+J4)/99)*((F4+K4)/98)*((G4+L4)/99)*(1-((H4+M4)/98)) -> 0 | V4: =(E4/99)*(F4/98)*(G4/99)*(1-(H4/98)) -> 0 | W4: =(V4*D4) + ((U4-V4)*D4*1) -> 0 | X4: =Q4+T4+W4 -> 0
A5: L4 | B5: 110 | C5: 40 | D5: 15 | E5: 18 | F5: 18 | G5: 17 | H5: 16 | I5: 16 | J5: 0 | K5: 0 | L5: 0 | M5: 0 | N5: 0 | O5: =((E5+J5)/99)*((F5+K5)/98)*((G5+L5)/99)*((H5+M5)/98)*((I5+N5)/99) -> 0 | P5: =(E5/99)*(F5/98)*(G5/99)*(H5/98)*(I5/99) -> 0 | Q5: =(P5*B5) + ((O5-P5)*B5*1) -> 0 | R5: =((E5+J5)/99)*((F5+K5)/98)*((G5+L5)/99)*((H5+M5)/98)*(1-((I5+N5)/99)) -> 0 | S5: =(E5/99)*(F5/98)*(G5/99)*(H5/98)*(1-(I5/99)) -> 0 | T5: =(S5*C5) + ((R5-S5)*C5*1) -> 0 | U5: =((E5+J5)/99)*((F5+K5)/98)*((G5+L5)/99)*(1-((H5+M5)/98)) -> 0 | V5: =(E5/99)*(F5/98)*(G5/99)*(1-(H5/98)) -> 0 | W5: =(V5*D5) + ((U5-V5)*D5*1) -> 0 | X5: =Q5+T5+W5 -> 0
A6: H1 | B6: 230 | C6: 55 | D6: 20 | E6: 7 | F6: 7 | G6: 8 | H6: 8 | I6: 9 | J6: 0 | K6: 0 | L6: 0 | M6: 0 | N6: 0 | O6: =((E6+J6)/99)*((F6+K6)/98)*((G6+L6)/99)*((H6+M6)/98)*((I6+N6)/99) -> 0 | P6: =(E6/99)*(F6/98)*(G6/99)*(H6/98)*(I6/99) -> 0 | Q6: =(P6*B6) + ((O6-P6)*B6*1) -> 0 | R6: =((E6+J6)/99)*((F6+K6)/98)*((G6+L6)/99)*((H6+M6)/98)*(1-((I6+N6)/99)) -> 0 | S6: =(E6/99)*(F6/98)*(G6/99)*(H6/98)*(1-(I6/99)) -> 0 | T6: =(S6*C6) + ((R6-S6)*C6*1) -> 0 | U6: =((E6+J6)/99)*((F6+K6)/98)*((G6+L6)/99)*(1-((H6+M6)/98)) -> 0 | V6: =(E6/99)*(F6/98)*(G6/99)*(1-(H6/98)) -> 0 | W6: =(V6*D6) + ((U6-V6)*D6*1) -> 0 | X6: =Q6+T6+W6 -> 0
A7: H2 | B7: 560 | C7: 95 | D7: 32 | E7: 6 | F7: 6 | G7: 6 | H7: 7 | I7: 9 | J7: 0 | K7: 0 | L7: 0 | M7: 0 | N7: 0 | O7: =((E7+J7)/99)*((F7+K7)/98)*((G7+L7)/99)*((H7+M7)/98)*((I7+N7)/99) -> 0 | P7: =(E7/99)*(F7/98)*(G7/99)*(H7/98)*(I7/99) -> 0 | Q7: =(P7*B7) + ((O7-P7)*B7*1) -> 0 | R7: =((E7+J7)/99)*((F7+K7)/98)*((G7+L7)/99)*((H7+M7)/98)*(1-((I7+N7)/99)) -> 0 | S7: =(E7/99)*(F7/98)*(G7/99)*(H7/98)*(1-(I7/99)) -> 0 | T7: =(S7*C7) + ((R7-S7)*C7*1) -> 0 | U7: =((E7+J7)/99)*((F7+K7)/98)*((G7+L7)/99)*(1-((H7+M7)/98)) -> 0 | V7: =(E7/99)*(F7/98)*(G7/99)*(1-(H7/98)) -> 0 | W7: =(V7*D7) + ((U7-V7)*D7*1) -> 0 | X7: =Q7+T7+W7 -> 0
A8: H3 | B8: 560 | C8: 95 | D8: 32 | E8: 5 | F8: 5 | G8: 6 | H8: 7 | I8: 10 | J8: 0 | K8: 0 | L8: 0 | M8: 0 | N8: 0 | O8: =((E8+J8)/99)*((F8+K8)/98)*((G8+L8)/99)*((H8+M8)/98)*((I8+N8)/99) -> 0 | P8: =(E8/99)*(F8/98)*(G8/99)*(H8/98)*(I8/99) -> 0 | Q8: =(P8*B8) + ((O8-P8)*B8*1) -> 0 | R8: =((E8+J8)/99)*((F8+K8)/98)*((G8+L8)/99)*((H8+M8)/98)*(1-((I8+N8)/99)) -> 0 | S8: =(E8/99)*(F8/98)*(G8/99)*(H8/98)*(1-(I8/99)) -> 0 | T8: =(S8*C8) + ((R8-S8)*C8*1) -> 0 | U8: =((E8+J8)/99)*((F8+K8)/98)*((G8+L8)/99)*(1-((H8+M8)/98)) -> 0 | V8: =(E8/99)*(F8/98)*(G8/99)*(1-(H8/98)) -> 0 | W8: =(V8*D8) + ((U8-V8)*D8*1) -> 0 | X8: =Q8+T8+W8 -> 0
A9: H4 | B9: 1600 | C9: 200 | D9: 50 | E9: 4 | F9: 4 | G9: 5 | H9: 5 | I9: 9 | J9: 0 | K9: 0 | L9: 0 | M9: 0 | N9: 0 | O9: =((E9+J9)/99)*((F9+K9)/98)*((G9+L9)/99)*((H9+M9)/98)*((I9+N9)/99) -> 0 | P9: =(E9/99)*(F9/98)*(G9/99)*(H9/98)*(I9/99) -> 0 | Q9: =(P9*B9) + ((O9-P9)*B9*1) -> 0 | R9: =((E9+J9)/99)*((F9+K9)/98)*((G9+L9)/99)*((H9+M9)/98)*(1-((I9+N9)/99)) -> 0 | S9: =(E9/99)*(F9/98)*(G9/99)*(H9/98)*(1-(I9/99)) -> 0 | T9: =(S9*C9) + ((R9-S9)*C9*1) -> 0 | U9: =((E9+J9)/99)*((F9+K9)/98)*((G9+L9)/99)*(1-((H9+M9)/98)) -> 0 | V9: =(E9/99)*(F9/98)*(G9/99)*(1-(H9/98)) -> 0 | W9: =(V9*D9) + ((U9-V9)*D9*1) -> 0 | X9: =Q9+T9+W9 -> 0
W10: TOTAL ESCENARIO: | X10: =SUM(X2,X3,X4,X5,X6,X7,X8,X9) -> 0

Sheet FS_Wild5_x1
A1: Symbol | B1: Pay 5 | C1: Pay 4 | D1: Pay 3 | E1: R1 Sym | F1: R2 Sym | G1: R3 Sym | H1: R4 Sym | I1: R5 Sym | J1: R1 Wild | K1: R2 Wild | L1: R3 Wild | M1: R4 Wild | N1: R5 Wild | O1: Prob 5 Hit | P1: Prob 5 Pure | Q1: EV 5 | R1: Prob 4 Hit | S1: Prob 4 Pure | T1: EV 4 | U1: Prob 3 Hit | V1: Prob 3 Pure | W1: EV 3 | X1: TOTAL EV %
A2: L1 | B2: 70 | C2: 25 | D2: 10 | E2: 9 | F2: 9 | G2: 9 | H2: 9 | I2: 9 | J2: 9 | K2: 9 | L2: 9 | M2: 9 | N2: 9 | O2: =((E2+J2)/70)*((F2+K2)/70)*((G2+L2)/70)*((H2+M2)/70)*((I2+N2)/70) -> 0 | P2: =(E2/70)*(F2/70)*(G2/70)*(H2/70)*(I2/70) -> 0 | Q2: =(P2*B2) + ((O2-P2)*B2*1) -> 0 | R2: =((E2+J2)/70)*((F2+K2)/70)*((G2+L2)/70)*((H2+M2)/70)*(1-((I2+N2)/70)) -> 0 | S2: =(E2/70)*(F2/70)*(G2/70)*(H2/70)*(1-(I2/70)) -> 0 | T2: =(S2*C2) + ((R2-S2)*C2*1) -> 0 | U2: =((E2+J2)/70)*((F2+K2)/70)*((G2+L2)/70)*(1-((H2+M2)/70)) -> 0 | V2: =(E2/70)*(F2/70)*(G2/70)*(1-(H2/70)) -> 0 | W2: =(V2*D2) + ((U2-V2)*D2*1) -> 0 | X2: =Q2+T2+W2 -> 0
A3: L2 | B3: 70 | C3: 25 | D3: 10 | E3: 9 | F3: 9 | G3: 9 | H3: 9 | I3: 9 | J3: 9 | K3: 9 | L3: 9 | M3: 9 | N3: 9 | O3: =((E3+J3)/70)*((F3+K3)/70)*((G3+L3)/70)*((H3+M3)/70)*((I3+N3)/70) -> 0 | P3: =(E3/70)*(F3/70)*(G3/70)*(H3/70)*(I3/70) -> 0 | Q3: =(P3*B3) + ((O3-P3)*B3*1) -> 0 | R3: =((E3+J3)/70)*((F3+K3)/70)*((G3+L3)/70)*((H3+M3)/70)*(1-((I3+N3)/70)) -> 0 | S3: =(E3/70)*(F3/70)*(G3/70)*(H3/70)*(1-(I3/70)) -> 0 | T3: =(S3*C3) + ((R3-S3)*C3*1) -> 0 | U3: =((E3+J3)/70)*((F3+K3)/70)*((G3+L3)/70)*(1-((H3+M3)/70)) -> 0 | V3: =(E3/70)*(F3/70)*(G3/70)*(1-(H3/70)) -> 0 | W3: =(V3*D3) + ((U3-V3)*D3*1) -> 0 | X3: =Q3+T3+W3 -> 0
A4: L3 | B4: 110 | C4: 40 | D4: 15 | E4: 9 | F4: 9 | G4: 9 | H4: 9 | I4: 9 | J4: 9 | K4: 9 | L4: 9 | M4: 9 | N4: 9 | O4: =((E4+J4)/70)*((F4+K4)/70)*((G4+L4)/70)*((H4+M4)/70)*((I4+N4)/70) -> 0 | P4: =(E4/70)*(F4/70)*(G4/70)*(H4/70)*(I4/70) -> 0 | Q4: =(P4*B4) + ((O4-P4)*B4*1) -> 0 | R4: =((E4+J4)/70)*((F4+K4)/70)*((G4+L4)/70)*((H4+M4)/70)*(1-((I4+N4)/70)) -> 0 | S4: =(E4/70)*(F4/70)*(G4/70)*(H4/70)*(1-(I4/70)) -> 0 | T4: =(S4*C4) + ((R4-S4)*C4*1) -> 0 | U4: =((E4+J4)/70)*((F4+K4)/70)*((G4+L4)/70)*(1-((H4+M4)/70)) -> 0 | V4: =(E4/70)*(F4/70)*(G4/70)*(1-(H4/70)) -> 0 | W4: =(V4*D4) + ((U4-V4)*D4*1) -> 0 | X4: =Q4+T4+W4 -> 0
A5: L4 | B5: 110 | C5: 40 | D5: 15 | E5: 9 | F5: 9 | G5: 9 | H5: 9 | I5: 9 | J5: 9 | K5: 9 | L5: 9 | M5: 9 | N5: 9 | O5: =((E5+J5)/70)*((F5+K5)/70)*((G5+L5)/70)*((H5+M5)/70)*((I5+N5)/70) -> 0 | P5: =(E5/70)*(F5/70)*(G5/70)*(H5/70)*(I5/70) -> 0 | Q5: =(P5*B5) + ((O5-P5)*B5*1) -> 0 | R5: =((E5+J5)/70)*((F5+K5)/70)*((G5+L5)/70)*((H5+M5)/70)*(1-((I5+N5)/70)) -> 0 | S5: =(E5/70)*(F5/70)*(G5/70)*(H5/70)*(1-(I5/70)) -> 0 | T5: =(S5*C5) + ((R5-S5)*C5*1) -> 0 | U5: =((E5+J5)/70)*((F5+K5)/70)*((G5+L5)/70)*(1-((H5+M5)/70)) -> 0 | V5: =(E5/70)*(F5/70)*(G5/70)*(1-(H5/70)) -> 0 | W5: =(V5*D5) + ((U5-V5)*D5*1) -> 0 | X5: =Q5+T5+W5 -> 0
A6: H2 | B6: 560 | C6: 95 | D6: 32 | E6: 9 | F6: 9 | G6: 9 | H6: 9 | I6: 9 | J6: 9 | K6: 9 | L6: 9 | M6: 9 | N6: 9 | O6: =((E6+J6)/70)*((F6+K6)/70)*((G6+L6)/70)*((H6+M6)/70)*((I6+N6)/70) -> 0 | P6: =(E6/70)*(F6/70)*(G6/70)*(H6/70)*(I6/70) -> 0 | Q6: =(P6*B6) + ((O6-P6)*B6*1) -> 0 | R6: =((E6+J6)/70)*((F6+K6)/70)*((G6+L6)/70)*((H6+M6)/70)*(1-((I6+N6)/70)) -> 0 | S6: =(E6/70)*(F6/70)*(G6/70)*(H6/70)*(1-(I6/70)) -> 0 | T6: =(S6*C6) + ((R6-S6)*C6*1) -> 0 | U6: =((E6+J6)/70)*((F6+K6)/70)*((G6+L6)/70)*(1-((H6+M6)/70)) -> 0 | V6: =(E6/70)*(F6/70)*(G6/70)*(1-(H6/70)) -> 0 | W6: =(V6*D6) + ((U6-V6)*D6*1) -> 0 | X6: =Q6+T6+W6 -> 0
A7: H3 | B7: 560 | C7: 95 | D7: 32 | E7: 8 | F7: 8 | G7: 8 | H7: 8 | I7: 8 | J7: 9 | K7: 9 | L7: 9 | M7: 9 | N7: 9 | O7: =((E7+J7)/70)*((F7+K7)/70)*((G7+L7)/70)*((H7+M7)/70)*((I7+N7)/70) -> 0 | P7: =(E7/70)*(F7/70)*(G7/70)*(H7/70)*(I7/70) -> 0 | Q7: =(P7*B7) + ((O7-P7)*B7*1) -> 0 | R7: =((E7+J7)/70)*((F7+K7)/70)*((G7+L7)/70)*((H7+M7)/70)*(1-((I7+N7)/70)) -> 0 | S7: =(E7/70)*(F7/70)*(G7/70)*(H7/70)*(1-(I7/70)) -> 0 | T7: =(S7*C7) + ((R7-S7)*C7*1) -> 0 | U7: =((E7+J7)/70)*((F7+K7)/70)*((G7+L7)/70)*(1-((H7+M7)/70)) -> 0 | V7: =(E7/70)*(F7/70)*(G7/70)*(1-(H7/70)) -> 0 | W7: =(V7*D7) + ((U7-V7)*D7*1) -> 0 | X7: =Q7+T7+W7 -> 0
A8: H4 | B8: 1600 | C8: 200 | D8: 50 | E8: 6 | F8: 6 | G8: 6 | H8: 6 | I8: 6 | J8: 9 | K8: 9 | L8: 9 | M8: 9 | N8: 9 | O8: =((E8+J8)/70)*((F8+K8)/70)*((G8+L8)/70)*((H8+M8)/70)*((I8+N8)/70) -> 0 | P8: =(E8/70)*(F8/70)*(G8/70)*(H8/70)*(I8/70) -> 0 | Q8: =(P8*B8) + ((O8-P8)*B8*1) -> 0 | R8: =((E8+J8)/70)*((F8+K8)/70)*((G8+L8)/70)*((H8+M8)/70)*(1-((I8+N8)/70)) -> 0 | S8: =(E8/70)*(F8/70)*(G8/70)*(H8/70)*(1-(I8/70)) -> 0 | T8: =(S8*C8) + ((R8-S8)*C8*1) -> 0 | U8: =((E8+J8)/70)*((F8+K8)/70)*((G8+L8)/70)*(1-((H8+M8)/70)) -> 0 | V8: =(E8/70)*(F8/70)*(G8/70)*(1-(H8/70)) -> 0 | W8: =(V8*D8) + ((U8-V8)*D8*1) -> 0 | X8: =Q8+T8+W8 -> 0
A9: ONLY WILDS | B9: 230 | J9: 9 | K9: 9 | L9: 9 | M9: 9 | N9: 9 | O9: =(J9/70)*(K9/70)*(L9/70)*(M9/70)*(N9/70) -> 0 | X9: =O9*B9*1 -> 0
W10: TOTAL ESCENARIO: | X10: =SUM(X2,X3,X4,X5,X6,X7,X8,X9) -> 0

Sheet FS_Wild6_x2
A1: Symbol | B1: Pay 5 | C1: Pay 4 | D1: Pay 3 | E1: R1 Sym | F1: R2 Sym | G1: R3 Sym | H1: R4 Sym | I1: R5 Sym | J1: R1 Wild | K1: R2 Wild | L1: R3 Wild | M1: R4 Wild | N1: R5 Wild | O1: Prob 5 Hit | P1: Prob 5 Pure | Q1: EV 5 | R1: Prob 4 Hit | S1: Prob 4 Pure | T1: EV 4 | U1: Prob 3 Hit | V1: Prob 3 Pure | W1: EV 3 | X1: TOTAL EV %
A2: L1 | B2: 70 | C2: 25 | D2: 10 | E2: 9 | F2: 9 | G2: 9 | H2: 9 | I2: 9 | J2: 9 | K2: 9 | L2: 9 | M2: 9 | N2: 9 | O2: =((E2+J2)/70)*((F2+K2)/70)*((G2+L2)/70)*((H2+M2)/70)*((I2+N2)/70) -> 0 | P2: =(E2/70)*(F2/70)*(G2/70)*(H2/70)*(I2/70) -> 0 | Q2: =(P2*B2) + ((O2-P2)*B2*2) -> 0 | R2: =((E2+J2)/70)*((F2+K2)/70)*((G2+L2)/70)*((H2+M2)/70)*(1-((I2+N2)/70)) -> 0 | S2: =(E2/70)*(F2/70)*(G2/70)*(H2/70)*(1-(I2/70)) -> 0 | T2: =(S2*C2) + ((R2-S2)*C2*2) -> 0 | U2: =((E2+J2)/70)*((F2+K2)/70)*((G2+L2)/70)*(1-((H2+M2)/70)) -> 0 | V2: =(E2/70)*(F2/70)*(G2/70)*(1-(H2/70)) -> 0 | W2: =(V2*D2) + ((U2-V2)*D2*2) -> 0 | X2: =Q2+T2+W2 -> 0
A3: L2 | B3: 70 | C3: 25 | D3: 10 | E3: 9 | F3: 9 | G3: 9 | H3: 9 | I3: 9 | J3: 9 | K3: 9 | L3: 9 | M3: 9 | N3: 9 | O3: =((E3+J3)/70)*((F3+K3)/70)*((G3+L3)/70)*((H3+M3)/70)*((I3+N3)/70) -> 0 | P3: =(E3/70)*(F3/70)*(G3/70)*(H3/70)*(I3/70) -> 0 | Q3: =(P3*B3) + ((O3-P3)*B3*2) -> 0 | R3: =((E3+J3)/70)*((F3+K3)/70)*((G3+L3)/70)*((H3+M3)/70)*(1-((I3+N3)/70)) -> 0 | S3: =(E3/70)*(F3/70)*(G3/70)*(H3/70)*(1-(I3/70)) -> 0 | T3: =(S3*C3) + ((R3-S3)*C3*2) -> 0 | U3: =((E3+J3)/70)*((F3+K3)/70)*((G3+L3)/70)*(1-((H3+M3)/70)) -> 0 | V3: =(E3/70)*(F3/70)*(G3/70)*(1-(H3/70)) -> 0 | W3: =(V3*D3) + ((U3-V3)*D3*2) -> 0 | X3: =Q3+T3+W3 -> 0
A4: L3 | B4: 110 | C4: 40 | D4: 15 | E4: 9 | F4: 9 | G4: 9 | H4: 9 | I4: 9 | J4: 9 | K4: 9 | L4: 9 | M4: 9 | N4: 9 | O4: =((E4+J4)/70)*((F4+K4)/70)*((G4+L4)/70)*((H4+M4)/70)*((I4+N4)/70) -> 0 | P4: =(E4/70)*(F4/70)*(G4/70)*(H4/70)*(I4/70) -> 0 | Q4: =(P4*B4) + ((O4-P4)*B4*2) -> 0 | R4: =((E4+J4)/70)*((F4+K4)/70)*((G4+L4)/70)*((H4+M4)/70)*(1-((I4+N4)/70)) -> 0 | S4: =(E4/70)*(F4/70)*(G4/70)*(H4/70)*(1-(I4/70)) -> 0 | T4: =(S4*C4) + ((R4-S4)*C4*2) -> 0 | U4: =((E4+J4)/70)*((F4+K4)/70)*((G4+L4)/70)*(1-((H4+M4)/70)) -> 0 | V4: =(E4/70)*(F4/70)*(G4/70)*(1-(H4/70)) -> 0 | W4: =(V4*D4) + ((U4-V4)*D4*2) -> 0 | X4: =Q4+T4+W4 -> 0
A5: L4 | B5: 110 | C5: 40 | D5: 15 | E5: 9 | F5: 9 | G5: 9 | H5: 9 | I5: 9 | J5: 9 | K5: 9 | L5: 9 | M5: 9 | N5: 9 | O5: =((E5+J5)/70)*((F5+K5)/70)*((G5+L5)/70)*((H5+M5)/70)*((I5+N5)/70) -> 0 | P5: =(E5/70)*(F5/70)*(G5/70)*(H5/70)*(I5/70) -> 0 | Q5: =(P5*B5) + ((O5-P5)*B5*2) -> 0 | R5: =((E5+J5)/70)*((F5+K5)/70)*((G5+L5)/70)*((H5+M5)/70)*(1-((I5+N5)/70)) -> 0 | S5: =(E5/70)*(F5/70)*(G5/70)*(H5/70)*(1-(I5/70)) -> 0 | T5: =(S5*C5) + ((R5-S5)*C5*2) -> 0 | U5: =((E5+J5)/70)*((F5+K5)/70)*((G5+L5)/70)*(1-((H5+M5)/70)) -> 0 | V5: =(E5/70)*(F5/70)*(G5/70)*(1-(H5/70)) -> 0 | W5: =(V5*D5) + ((U5-V5)*D5*2) -> 0 | X5: =Q5+T5+W5 -> 0
A6: H1 | B6: 230 | C6: 55 | D6: 20 | E6: 9 | F6: 9 | G6: 9 | H6: 9 | I6: 9 | J6: 9 | K6: 9 | L6: 9 | M6: 9 | N6: 9 | O6: =((E6+J6)/70)*((F6+K6)/70)*((G6+L6)/70)*((H6+M6)/70)*((I6+N6)/70) -> 0 | P6: =(E6/70)*(F6/70)*(G6/70)*(H6/70)*(I6/70) -> 0 | Q6: =(P6*B6) + ((O6-P6)*B6*2) -> 0 | R6: =((E6+J6)/70)*((F6+K6)/70)*((G6+L6)/70)*((H6+M6)/70)*(1-((I6+N6)/70)) -> 0 | S6: =(E6/70)*(F6/70)*(G6/70)*(H6/70)*(1-(I6/70)) -> 0 | T6: =(S6*C6) + ((R6-S6)*C6*2) -> 0 | U6: =((E6+J6)/70)*((F6+K6)/70)*((G6+L6)/70)*(1-((H6+M6)/70)) -> 0 | V6: =(E6/70)*(F6/70)*(G6/70)*(1-(H6/70)) -> 0 | W6: =(V6*D6) + ((U6-V6)*D6*2) -> 0 | X6: =Q6+T6+W6 -> 0
A7: H3 | B7: 560 | C7: 95 | D7: 32 | E7: 8 | F7: 8 | G7: 8 | H7: 8 | I7: 8 | J7: 9 | K7: 9 | L7: 9 | M7: 9 | N7: 9 | O7: =((E7+J7)/70)*((F7+K7)/70)*((G7+L7)/70)*((H7+M7)/70)*((I7+N7)/70) -> 0 | P7: =(E7/70)*(F7/70)*(G7/70)*(H7/70)*(I7/70) -> 0 | Q7: =(P7*B7) + ((O7-P7)*B7*2) -> 0 | R7: =((E7+J7)/70)*((F7+K7)/70)*((G7+L7)/70)*((H7+M7)/70)*(1-((I7+N7)/70)) -> 0 | S7: =(E7/70)*(F7/70)*(G7/70)*(H7/70)*(1-(I7/70)) -> 0 | T7: =(S7*C7) + ((R7-S7)*C7*2) -> 0 | U7: =((E7+J7)/70)*((F7+K7)/70)*((G7+L7)/70)*(1-((H7+M7)/70)) -> 0 | V7: =(E7/70)*(F7/70)*(G7/70)*(1-(H7/70)) -> 0 | W7: =(V7*D7) + ((U7-V7)*D7*2) -> 0 | X7: =Q7+T7+W7 -> 0
A8: H4 | B8: 1600 | C8: 200 | D8: 50 | E8: 6 | F8: 6 | G8: 6 | H8: 6 | I8: 6 | J8: 9 | K8: 9 | L8: 9 | M8: 9 | N8: 9 | O8: =((E8+J8)/70)*((F8+K8)/70)*((G8+L8)/70)*((H8+M8)/70)*((I8+N8)/70) -> 0 | P8: =(E8/70)*(F8/70)*(G8/70)*(H8/70)*(I8/70) -> 0 | Q8: =(P8*B8) + ((O8-P8)*B8*2) -> 0 | R8: =((E8+J8)/70)*((F8+K8)/70)*((G8+L8)/70)*((H8+M8)/70)*(1-((I8+N8)/70)) -> 0 | S8: =(E8/70)*(F8/70)*(G8/70)*(H8/70)*(1-(I8/70)) -> 0 | T8: =(S8*C8) + ((R8-S8)*C8*2) -> 0 | U8: =((E8+J8)/70)*((F8+K8)/70)*((G8+L8)/70)*(1-((H8+M8)/70)) -> 0 | V8: =(E8/70)*(F8/70)*(G8/70)*(1-(H8/70)) -> 0 | W8: =(V8*D8) + ((U8-V8)*D8*2) -> 0 | X8: =Q8+T8+W8 -> 0
A9: ONLY WILDS | B9: 560 | J9: 9 | K9: 9 | L9: 9 | M9: 9 | N9: 9 | O9: =(J9/70)*(K9/70)*(L9/70)*(M9/70)*(N9/70) -> 0 | X9: =O9*B9*2 -> 0
W10: TOTAL ESCENARIO: | X10: =SUM(X2,X3,X4,X5,X6,X7,X8,X9) -> 0

Sheet FS_Wild7_x2
A1: Symbol | B1: Pay 5 | C1: Pay 4 | D1: Pay 3 | E1: R1 Sym | F1: R2 Sym | G1: R3 Sym | H1: R4 Sym | I1: R5 Sym | J1: R1 Wild | K1: R2 Wild | L1: R3 Wild | M1: R4 Wild | N1: R5 Wild | O1: Prob 5 Hit | P1: Prob 5 Pure | Q1: EV 5 | R1: Prob 4 Hit | S1: Prob 4 Pure | T1: EV 4 | U1: Prob 3 Hit | V1: Prob 3 Pure | W1: EV 3 | X1: TOTAL EV %
A2: L1 | B2: 70 | C2: 25 | D2: 10 | E2: 9 | F2: 9 | G2: 9 | H2: 9 | I2: 9 | J2: 8 | K2: 8 | L2: 8 | M2: 8 | N2: 8 | O2: =((E2+J2)/70)*((F2+K2)/70)*((G2+L2)/70)*((H2+M2)/70)*((I2+N2)/70) -> 0 | P2: =(E2/70)*(F2/70)*(G2/70)*(H2/70)*(I2/70) -> 0 | Q2: =(P2*B2) + ((O2-P2)*B2*2) -> 0 | R2: =((E2+J2)/70)*((F2+K2)/70)*((G2+L2)/70)*((H2+M2)/70)*(1-((I2+N2)/70)) -> 0 | S2: =(E2/70)*(F2/70)*(G2/70)*(H2/70)*(1-(I2/70)) -> 0 | T2: =(S2*C2) + ((R2-S2)*C2*2) -> 0 | U2: =((E2+J2)/70)*((F2+K2)/70)*((G2+L2)/70)*(1-((H2+M2)/70)) -> 0 | V2: =(E2/70)*(F2/70)*(G2/70)*(1-(H2/70)) -> 0 | W2: =(V2*D2) + ((U2-V2)*D2*2) -> 0 | X2: =Q2+T2+W2 -> 0
A3: L2 | B3: 70 | C3: 25 | D3: 10 | E3: 9 | F3: 9 | G3: 9 | H3: 9 | I3: 9 | J3: 8 | K3: 8 | L3: 8 | M3: 8 | N3: 8 | O3: =((E3+J3)/70)*((F3+K3)/70)*((G3+L3)/70)*((H3+M3)/70)*((I3+N3)/70) -> 0 | P3: =(E3/70)*(F3/70)*(G3/70)*(H3/70)*(I3/70) -> 0 | Q3: =(P3*B3) + ((O3-P3)*B3*2) -> 0 | R3: =((E3+J3)/70)*((F3+K3)/70)*((G3+L3)/70)*((H3+M3)/70)*(1-((I3+N3)/70)) -> 0 | S3: =(E3/70)*(F3/70)*(G3/70)*(H3/70)*(1-(I3/70)) -> 0 | T3: =(S3*C3) + ((R3-S3)*C3*2) -> 0 | U3: =((E3+J3)/70)*((F3+K3)/70)*((G3+L3)/70)*(1-((H3+M3)/70)) -> 0 | V3: =(E3/70)*(F3/70)*(G3/70)*(1-(H3/70)) -> 0 | W3: =(V3*D3) + ((U3-V3)*D3*2) -> 0 | X3: =Q3+T3+W3 -> 0
A4: L3 | B4: 110 | C4: 40 | D4: 15 | E4: 9 | F4: 9 | G4: 9 | H4: 9 | I4: 9 | J4: 8 | K4: 8 | L4: 8 | M4: 8 | N4: 8 | O4: =((E4+J4)/70)*((F4+K4)/70)*((G4+L4)/70)*((H4+M4)/70)*((I4+N4)/70) -> 0 | P4: =(E4/70)*(F4/70)*(G4/70)*(H4/70)*(I4/70) -> 0 | Q4: =(P4*B4) + ((O4-P4)*B4*2) -> 0 | R4: =((E4+J4)/70)*((F4+K4)/70)*((G4+L4)/70)*((H4+M4)/70)*(1-((I4+N4)/70)) -> 0 | S4: =(E4/70)*(F4/70)*(G4/70)*(H4/70)*(1-(I4/70)) -> 0 | T4: =(S4*C4) + ((R4-S4)*C4*2) -> 0 | U4: =((E4+J4)/70)*((F4+K4)/70)*((G4+L4)/70)*(1-((H4+M4)/70)) -> 0 | V4: =(E4/70)*(F4/70)*(G4/70)*(1-(H4/70)) -> 0 | W4: =(V4*D4) + ((U4-V4)*D4*2) -> 0 | X4: =Q4+T4+W4 -> 0
A5: L4 | B5: 110 | C5: 40 | D5: 15 | E5: 9 | F5: 9 | G5: 9 | H5: 9 | I5: 9 | J5: 8 | K5: 8 | L5: 8 | M5: 8 | N5: 8 | O5: =((E5+J5)/70)*((F5+K5)/70)*((G5+L5)/70)*((H5+M5)/70)*((I5+N5)/70) -> 0 | P5: =(E5/70)*(F5/70)*(G5/70)*(H5/70)*(I5/70) -> 0 | Q5: =(P5*B5) + ((O5-P5)*B5*2) -> 0 | R5: =((E5+J5)/70)*((F5+K5)/70)*((G5+L5)/70)*((H5+M5)/70)*(1-((I5+N5)/70)) -> 0 | S5: =(E5/70)*(F5/70)*(G5/70)*(H5/70)*(1-(I5/70)) -> 0 | T5: =(S5*C5) + ((R5-S5)*C5*2) -> 0 | U5: =((E5+J5)/70)*((F5+K5)/70)*((G5+L5)/70)*(1-((H5+M5)/70)) -> 0 | V5: =(E5/70)*(F5/70)*(G5/70)*(1-(H5/70)) -> 0 | W5: =(V5*D5) + ((U5-V5)*D5*2) -> 0 | X5: =Q5+T5+W5 -> 0
A6: H1 | B6: 230 | C6: 55 | D6: 20 | E6: 9 | F6: 9 | G6: 9 | H6: 9 | I6: 9 | J6: 8 | K6: 8 | L6: 8 | M6: 8 | N6: 8 | O6: =((E6+J6)/70)*((F6+K6)/70)*((G6+L6)/70)*((H6+M6)/70)*((I6+N6)/70) -> 0 | P6: =(E6/70)*(F6/70)*(G6/70)*(H6/70)*(I6/70) -> 0 | Q6: =(P6*B6) + ((O6-P6)*B6*2) -> 0 | R6: =((E6+J6)/70)*((F6+K6)/70)*((G6+L6)/70)*((H6+M6)/70)*(1-((I6+N6)/70)) -> 0 | S6: =(E6/70)*(F6/70)*(G6/70)*(H6/70)*(1-(I6/70)) -> 0 | T6: =(S6*C6) + ((R6-S6)*C6*2) -> 0 | U6: =((E6+J6)/70)*((F6+K6)/70)*((G6+L6)/70)*(1-((H6+M6)/70)) -> 0 | V6: =(E6/70)*(F6/70)*(G6/70)*(1-(H6/70)) -> 0 | W6: =(V6*D6) + ((U6-V6)*D6*2) -> 0 | X6: =Q6+T6+W6 -> 0
A7: H2 | B7: 560 | C7: 95 | D7: 32 | E7: 9 | F7: 9 | G7: 9 | H7: 9 | I7: 9 | J7: 8 | K7: 8 | L7: 8 | M7: 8 | N7: 8 | O7: =((E7+J7)/70)*((F7+K7)/70)*((G7+L7)/70)*((H7+M7)/70)*((I7+N7)/70) -> 0 | P7: =(E7/70)*(F7/70)*(G7/70)*(H7/70)*(I7/70) -> 0 | Q7: =(P7*B7) + ((O7-P7)*B7*2) -> 0 | R7: =((E7+J7)/70)*((F7+K7)/70)*((G7+L7)/70)*((H7+M7)/70)*(1-((I7+N7)/70)) -> 0 | S7: =(E7/70)*(F7/70)*(G7/70)*(H7/70)*(1-(I7/70)) -> 0 | T7: =(S7*C7) + ((R7-S7)*C7*2) -> 0 | U7: =((E7+J7)/70)*((F7+K7)/70)*((G7+L7)/70)*(1-((H7+M7)/70)) -> 0 | V7: =(E7/70)*(F7/70)*(G7/70)*(1-(H7/70)) -> 0 | W7: =(V7*D7) + ((U7-V7)*D7*2) -> 0 | X7: =Q7+T7+W7 -> 0
A8: H4 | B8: 1600 | C8: 200 | D8: 50 | E8: 6 | F8: 6 | G8: 6 | H8: 6 | I8: 6 | J8: 8 | K8: 8 | L8: 8 | M8: 8 | N8: 8 | O8: =((E8+J8)/70)*((F8+K8)/70)*((G8+L8)/70)*((H8+M8)/70)*((I8+N8)/70) -> 0 | P8: =(E8/70)*(F8/70)*(G8/70)*(H8/70)*(I8/70) -> 0 | Q8: =(P8*B8) + ((O8-P8)*B8*2) -> 0 | R8: =((E8+J8)/70)*((F8+K8)/70)*((G8+L8)/70)*((H8+M8)/70)*(1-((I8+N8)/70)) -> 0 | S8: =(E8/70)*(F8/70)*(G8/70)*(H8/70)*(1-(I8/70)) -> 0 | T8: =(S8*C8) + ((R8-S8)*C8*2) -> 0 | U8: =((E8+J8)/70)*((F8+K8)/70)*((G8+L8)/70)*(1-((H8+M8)/70)) -> 0 | V8: =(E8/70)*(F8/70)*(G8/70)*(1-(H8/70)) -> 0 | W8: =(V8*D8) + ((U8-V8)*D8*2) -> 0 | X8: =Q8+T8+W8 -> 0
A9: ONLY WILDS | B9: 560 | J9: 8 | K9: 8 | L9: 8 | M9: 8 | N9: 8 | O9: =(J9/70)*(K9/70)*(L9/70)*(M9/70)*(N9/70) -> 0 | X9: =O9*B9*2 -> 0
W10: TOTAL ESCENARIO: | X10: =SUM(X2,X3,X4,X5,X6,X7,X8,X9) -> 0

Sheet FS_Wild8_x3
A1: Symbol | B1: Pay 5 | C1: Pay 4 | D1: Pay 3 | E1: R1 Sym | F1: R2 Sym | G1: R3 Sym | H1: R4 Sym | I1: R5 Sym | J1: R1 Wild | K1: R2 Wild | L1: R3 Wild | M1: R4 Wild | N1: R5 Wild | O1: Prob 5 Hit | P1: Prob 5 Pure | Q1: EV 5 | R1: Prob 4 Hit | S1: Prob 4 Pure | T1: EV 4 | U1: Prob 3 Hit | V1: Prob 3 Pure | W1: EV 3 | X1: TOTAL EV %
A2: L1 | B2: 70 | C2: 25 | D2: 10 | E2: 9 | F2: 9 | G2: 9 | H2: 9 | I2: 9 | J2: 6 | K2: 6 | L2: 6 | M2: 6 | N2: 6 | O2: =((E2+J2)/70)*((F2+K2)/70)*((G2+L2)/70)*((H2+M2)/70)*((I2+N2)/70) -> 0 | P2: =(E2/70)*(F2/70)*(G2/70)*(H2/70)*(I2/70) -> 0 | Q2: =(P2*B2) + ((O2-P2)*B2*3) -> 0 | R2: =((E2+J2)/70)*((F2+K2)/70)*((G2+L2)/70)*((H2+M2)/70)*(1-((I2+N2)/70)) -> 0 | S2: =(E2/70)*(F2/70)*(G2/70)*(H2/70)*(1-(I2/70)) -> 0 | T2: =(S2*C2) + ((R2-S2)*C2*3) -> 0 | U2: =((E2+J2)/70)*((F2+K2)/70)*((G2+L2)/70)*(1-((H2+M2)/70)) -> 0 | V2: =(E2/70)*(F2/70)*(G2/70)*(1-(H2/70)) -> 0 | W2: =(V2*D2) + ((U2-V2)*D2*3) -> 0 | X2: =Q2+T2+W2 -> 0
A3: L2 | B3: 70 | C3: 25 | D3: 10 | E3: 9 | F3: 9 | G3: 9 | H3: 9 | I3: 9 | J3: 6 | K3: 6 | L3: 6 | M3: 6 | N3: 6 | O3: =((E3+J3)/70)*((F3+K3)/70)*((G3+L3)/70)*((H3+M3)/70)*((I3+N3)/70) -> 0 | P3: =(E3/70)*(F3/70)*(G3/70)*(H3/70)*(I3/70) -> 0 | Q3: =(P3*B3) + ((O3-P3)*B3*3) -> 0 | R3: =((E3+J3)/70)*((F3+K3)/70)*((G3+L3)/70)*((H3+M3)/70)*(1-((I3+N3)/70)) -> 0 | S3: =(E3/70)*(F3/70)*(G3/70)*(H3/70)*(1-(I3/70)) -> 0 | T3: =(S3*C3) + ((R3-S3)*C3*3) -> 0 | U3: =((E3+J3)/70)*((F3+K3)/70)*((G3+L3)/70)*(1-((H3+M3)/70)) -> 0 | V3: =(E3/70)*(F3/70)*(G3/70)*(1-(H3/70)) -> 0 | W3: =(V3*D3) + ((U3-V3)*D3*3) -> 0 | X3: =Q3+T3+W3 -> 0
A4: L3 | B4: 110 | C4: 40 | D4: 15 | E4: 9 | F4: 9 | G4: 9 | H4: 9 | I4: 9 | J4: 6 | K4: 6 | L4: 6 | M4: 6 | N4: 6 | O4: =((E4+J4)/70)*((F4+K4)/70)*((G4+L4)/70)*((H4+M4)/70)*((I4+N4)/70) -> 0 | P4: =(E4/70)*(F4/70)*(G4/70)*(H4/70)*(I4/70) -> 0 | Q4: =(P4*B4) + ((O4-P4)*B4*3) -> 0 | R4: =((E4+J4)/70)*((F4+K4)/70)*((G4+L4)/70)*((H4+M4)/70)*(1-((I4+N4)/70)) -> 0 | S4: =(E4/70)*(F4/70)*(G4/70)*(H4/70)*(1-(I4/70)) -> 0 | T4: =(S4*C4) + ((R4-S4)*C4*3) -> 0 | U4: =((E4+J4)/70)*((F4+K4)/70)*((G4+L4)/70)*(1-((H4+M4)/70)) -> 0 | V4: =(E4/70)*(F4/70)*(G4/70)*(1-(H4/70)) -> 0 | W4: =(V4*D4) + ((U4-V4)*D4*3) -> 0 | X4: =Q4+T4+W4 -> 0
A5: L4 | B5: 110 | C5: 40 | D5: 15 | E5: 9 | F5: 9 | G5: 9 | H5: 9 | I5: 9 | J5: 6 | K5: 6 | L5: 6 | M5: 6 | N5: 6 | O5: =((E5+J5)/70)*((F5+K5)/70)*((G5+L5)/70)*((H5+M5)/70)*((I5+N5)/70) -> 0 | P5: =(E5/70)*(F5/70)*(G5/70)*(H5/70)*(I5/70) -> 0 | Q5: =(P5*B5) + ((O5-P5)*B5*3) -> 0 | R5: =((E5+J5)/70)*((F5+K5)/70)*((G5+L5)/70)*((H5+M5)/70)*(1-((I5+N5)/70)) -> 0 | S5: =(E5/70)*(F5/70)*(G5/70)*(H5/70)*(1-(I5/70)) -> 0 | T5: =(S5*C5) + ((R5-S5)*C5*3) -> 0 | U5: =((E5+J5)/70)*((F5+K5)/70)*((G5+L5)/70)*(1-((H5+M5)/70)) -> 0 | V5: =(E5/70)*(F5/70)*(G5/70)*(1-(H5/70)) -> 0 | W5: =(V5*D5) + ((U5-V5)*D5*3) -> 0 | X5: =Q5+T5+W5 -> 0
A6: H1 | B6: 230 | C6: 55 | D6: 20 | E6: 9 | F6: 9 | G6: 9 | H6: 9 | I6: 9 | J6: 6 | K6: 6 | L6: 6 | M6: 6 | N6: 6 | O6: =((E6+J6)/70)*((F6+K6)/70)*((G6+L6)/70)*((H6+M6)/70)*((I6+N6)/70) -> 0 | P6: =(E6/70)*(F6/70)*(G6/70)*(H6/70)*(I6/70) -> 0 | Q6: =(P6*B6) + ((O6-P6)*B6*3) -> 0 | R6: =((E6+J6)/70)*((F6+K6)/70)*((G6+L6)/70)*((H6+M6)/70)*(1-((I6+N6)/70)) -> 0 | S6: =(E6/70)*(F6/70)*(G6/70)*(H6/70)*(1-(I6/70)) -> 0 | T6: =(S6*C6) + ((R6-S6)*C6*3) -> 0 | U6: =((E6+J6)/70)*((F6+K6)/70)*((G6+L6)/70)*(1-((H6+M6)/70)) -> 0 | V6: =(E6/70)*(F6/70)*(G6/70)*(1-(H6/70)) -> 0 | W6: =(V6*D6) + ((U6-V6)*D6*3) -> 0 | X6: =Q6+T6+W6 -> 0
A7: H2 | B7: 560 | C7: 95 | D7: 32 | E7: 9 | F7: 9 | G7: 9 | H7: 9 | I7: 9 | J7: 6 | K7: 6 | L7: 6 | M7: 6 | N7: 6 | O7: =((E7+J7)/70)*((F7+K7)/70)*((G7+L7)/70)*((H7+M7)/70)*((I7+N7)/70) -> 0 | P7: =(E7/70)*(F7/70)*(G7/70)*(H7/70)*(I7/70) -> 0 | Q7: =(P7*B7) + ((O7-P7)*B7*3) -> 0 | R7: =((E7+J7)/70)*((F7+K7)/70)*((G7+L7)/70)*((H7+M7)/70)*(1-((I7+N7)/70)) -> 0 | S7: =(E7/70)*(F7/70)*(G7/70)*(H7/70)*(1-(I7/70)) -> 0 | T7: =(S7*C7) + ((R7-S7)*C7*3) -> 0 | U7: =((E7+J7)/70)*((F7+K7)/70)*((G7+L7)/70)*(1-((H7+M7)/70)) -> 0 | V7: =(E7/70)*(F7/70)*(G7/70)*(1-(H7/70)) -> 0 | W7: =(V7*D7) + ((U7-V7)*D7*3) -> 0 | X7: =Q7+T7+W7 -> 0
A8: H3 | B8: 560 | C8: 95 | D8: 32 | E8: 8 | F8: 8 | G8: 8 | H8: 8 | I8: 8 | J8: 6 | K8: 6 | L8: 6 | M8: 6 | N8: 6 | O8: =((E8+J8)/70)*((F8+K8)/70)*((G8+L8)/70)*((H8+M8)/70)*((I8+N8)/70) -> 0 | P8: =(E8/70)*(F8/70)*(G8/70)*(H8/70)*(I8/70) -> 0 | Q8: =(P8*B8) + ((O8-P8)*B8*3) -> 0 | R8: =((E8+J8)/70)*((F8+K8)/70)*((G8+L8)/70)*((H8+M8)/70)*(1-((I8+N8)/70)) -> 0 | S8: =(E8/70)*(F8/70)*(G8/70)*(H8/70)*(1-(I8/70)) -> 0 | T8: =(S8*C8) + ((R8-S8)*C8*3) -> 0 | U8: =((E8+J8)/70)*((F8+K8)/70)*((G8+L8)/70)*(1-((H8+M8)/70)) -> 0 | V8: =(E8/70)*(F8/70)*(G8/70)*(1-(H8/70)) -> 0 | W8: =(V8*D8) + ((U8-V8)*D8*3) -> 0 | X8: =Q8+T8+W8 -> 0
A9: ONLY WILDS | B9: 1600 | J9: 6 | K9: 6 | L9: 6 | M9: 6 | N9: 6 | O9: =(J9/70)*(K9/70)*(L9/70)*(M9/70)*(N9/70) -> 0 | X9: =O9*B9*3 -> 0
W10: TOTAL ESCENARIO: | X10: =SUM(X2,X3,X4,X5,X6,X7,X8,X9) -> 0
